word	pinyin	score	flag
一	yī	99.0	
不	bù	98.0	forced
了	le	98.0	forced
人	rén	98.0	forced
做	zuò	98.0	forced
在	zài	98.0	forced
大	dà	98.0	
好	hǎo	98.0	forced
是	shì	98.0	forced
有	yǒu	98.0	forced
水	shuǐ	98.0	forced
的	de	98.0	forced
看	kàn	98.0	forced
说	shuō	98.0	forced
这	zhè	98.0	forced
个	gè	96.8	
什么	shénme	96.8	forced
他	tā	96.8	forced
你	nǐ	96.8	forced
去	qù	96.8	forced
吃	chī	96.8	
我	wǒ	96.8	forced
三	sān	95.0	
上	shàng	95.0	forced
下	xià	95.0	forced
中国	Zhōngguó	95.0	
书	shū	95.0	forced
事	shì	95.0	
二	èr	95.0	
五	wǔ	95.0	
十	shí	95.0	
四	sì	95.0	forced
因为	yīnwèi	95.0	forced
学	xué	95.0	
年	nián	95.0	forced
东西	dōngxi	93.8	forced
为什么	wèi shénme	93.8	forced
也	yě	93.8	
会	huì	93.8	forced
八	bā	93.8	
再	zài	93.8	forced
出	chū	93.8	forced
到	dào	93.8	forced
前	qián	93.8	
可以	kěyǐ	93.8	forced
后	hòu	93.8	
和	hé	93.8	forced
地方	dìfang	93.8	forced
多	duō	93.8	
天	tiān	93.8	forced
学生	xuéshēng	93.8	
家	jiā	93.8	
对	duì	93.8	forced
小	xiǎo	93.8	forced
就	jiù	93.8	
开	kāi	93.8	forced
很	hěn	93.8	forced
想	xiǎng	93.8	
我们	wǒmen	93.8	forced
把	bǎ	93.8	forced
时候	shíhou	93.8	
更	gèng	93.8	
来	lái	93.8	forced
没有	méiyǒu	93.8	forced
现在	xiànzài	93.8	forced
用	yòng	93.8	forced
知道	zhīdào	93.8	
给	gěi	93.8	forced
能	néng	93.8	forced
自己	zìjǐ	93.8	forced
要	yào	93.8	
谁	shéi/shuí	93.8	forced
走	zǒu	93.8	forced
那	nà	93.8	forced
都	dōu	93.8	forced
钱	qián	93.8	forced
问	wèn	93.8	
今天	jīntiān	92.5	
叫	jiào	92.5	
听	tīng	92.5	forced
喜欢	xǐhuan	92.5	
喝	hē	92.5	forced
她	tā	92.5	
孩子	háizi	92.5	
心	xīn	92.5	forced
手	shǒu	92.5	forced
打	dǎ	92.5	
明天	míngtiān	92.5	forced
昨天	zuótiān	92.5	forced
晚上	wǎnshang	92.5	
爱	ài	92.5	forced
衣服	yīfu	92.5	
谢谢	xièxie	92.5	
还	hái	92.5	forced
饭	fàn	92.5	
世界	shìjiè	91.3	
关系	guānxì	91.3	forced
发生	fāshēng	91.3	
国家	guójiā	91.3	forced
妈妈	māma	91.3	forced
字	zì	91.3	
学习	xuéxí	91.3	forced
开始	kāishǐ	91.3	forced
时间	shíjiān	91.3	forced
最	zuì	91.3	
月	yuè	91.3	forced
百	bǎi	91.3	forced
被	bèi	91.3	forced
重要	zhòngyào	91.3	forced
七	qī	90.0	
不同	bù tóng	90.0	forced
九	jiǔ	90.0	
但是	dànshì	90.0	forced
六	liù	90.0	
写	xiě	90.0	
可能	kěnéng	90.0	forced
学校	xuéxiào	90.0	forced
工作	gōngzuò	90.0	forced
已经	yǐjīng	90.0	
应该	yīnggāi	90.0	
所以	suǒyǐ	90.0	forced
新	xīn	90.0	forced
电脑	diànnǎo	90.0	
电视	diànshì	90.0	
问题	wèntí	90.0	forced
需要	xūyào	90.0	forced
一定	yídìng	88.8	
一样	yíyàng	88.8	forced
一起	yìqǐ	88.8	forced
上午	shàngwǔ	88.8	
下午	xiàwǔ	88.8	
两	liǎng	88.8	
买	mǎi	88.8	
事情	shìqing	88.8	
从	cóng	88.8	forced
他们	tāmen	88.8	
以前	yǐqián	88.8	forced
以后	yǐhòu	88.8	forced
们	men	88.8	forced
住	zhù	88.8	
先	xiān	88.8	
关	guān	88.8	forced
其他	qítā	88.8	forced
几	jǐ	88.8	
动	dòng	88.8	
动物	dòngwù	88.8	forced
又	yòu	88.8	forced
变	biàn	88.8	
只	zhǐ	88.8	forced
名字	míngzi	88.8	forced
吗	ma	88.8	forced
告诉	gàosu	88.8	
哪	nǎ	88.8	
哪个	nǎge	88.8	
哪里	nǎlǐ	88.8	forced
回	huí	88.8	
地	dì	88.8	
坏	huài	88.8	forced
声音	shēngyīn	88.8	forced
外	wài	88.8	
多少	duōshao	88.8	
大家	dàjiā	88.8	
太	tài	88.8	
太阳	tàiyáng	88.8	forced
头	tóu	88.8	forced
女	nǚ	88.8	
女人	nǚrén	88.8	forced
如果	rúguǒ	88.8	forced
子	zi	88.8	
少	shǎo	88.8	
帮助	bāngzhù	88.8	forced
当然	dāngrán	88.8	
快	kuài	88.8	forced
怎么	zěnme	88.8	forced
房子	fángzi	88.8	forced
手机	shǒujī	88.8	
找	zhǎo	88.8	
拿	ná	88.8	forced
放	fàng	88.8	forced
明白	míngbai	88.8	forced
朋友	péngyou	88.8	forced
比	bǐ	88.8	forced
水果	shuǐguǒ	88.8	forced
汽车	qìchē	88.8	
注意	zhùyì	88.8	forced
热	rè	88.8	forced
然后	ránhòu	88.8	forced
电	diàn	88.8	
电影	diànyǐng	88.8	
电话	diànhuà	88.8	
男	nán	88.8	
男人	nánrén	88.8	forced
看见	kànjiàn	88.8	forced
真	zhēn	88.8	forced
睡	shuì	88.8	
睡觉	shuìjiào	88.8	forced
简单	jiǎndān	88.8	forced
纸	zhǐ	88.8	forced
老	lǎo	88.8	forced
老师	lǎoshī	88.8	
见	jiàn	88.8	
觉得	juéde	88.8	
让	ràng	88.8	forced
说话	shuōhuà	88.8	forced
请	qǐng	88.8	forced
跟	gēn	88.8	forced
路	lù	88.8	forced
身体	shēntǐ	88.8	forced
车	chē	88.8	
还是	háishi	88.8	
这个	zhège	88.8	forced
这么	zhème	88.8	forced
这里	zhèlǐ	88.8	forced
进	jìn	88.8	
那个	nàge	88.8	
那么	nàme	88.8	
里	lǐ	88.8	
错	cuò	88.8	forced
长	cháng	88.8	forced
门	mén	88.8	forced
难	nán	88.8	forced
非常	fēicháng	88.8	
高	gāo	88.8	forced
你们	nǐmen	87.5	forced
冷	lěng	87.5	forced
刚	gāng	87.5	
别人	biérén	87.5	
半	bàn	87.5	
嘴	zuǐ	87.5	forced
坐	zuò	87.5	forced
好吃	hǎochī	87.5	
它	tā	87.5	
床	chuáng	87.5	forced
心里	xīnli	87.5	
怕	pà	87.5	
早上	zǎoshang	87.5	forced
桌子	zhuōzi	87.5	forced
玩	wán	87.5	forced
眼睛	yǎnjing	87.5	forced
穿	chuān	87.5	
站	zhàn	87.5	
耳朵	ěrduo	87.5	forced
脚	jiǎo	87.5	forced
脸	liǎn	87.5	forced
菜	cài	87.5	
跑	pǎo	87.5	forced
马上	mǎshàng	87.5	
高兴	gāoxìng	87.5	forced
不要	búyào	86.3	
中文	Zhōngwén	86.3	
为	wèi	86.3	forced
为了	wèile	86.3	
主要	zhǔyào	86.3	
你好	nǐ hǎo	86.3	
全	quán	86.3	
公司	gōngsī	86.3	forced
其实	qíshí	86.3	
决定	juédìng	86.3	forced
力	lì	86.3	
千	qiān	86.3	forced
原因	yuányīn	86.3	forced
发现	fāxiàn	86.3	forced
国	guó	86.3	
图书馆	túshūguǎn	86.3	forced
城市	chéngshì	86.3	
大学	dàxué	86.3	
头发	tóufa	86.3	forced
存在	cúnzài	86.3	forced
完成	wánchéng	86.3	forced
开心	kāixīn	86.3	
影响	yǐngxiǎng	86.3	
必须	bìxū	86.3	forced
所有	suǒyǒu	86.3	forced
新闻	xīnwén	86.3	forced
方法	fāngfǎ	86.3	
汉语	Hànyǔ	86.3	
知识	zhīshi	86.3	forced
结束	jiéshù	86.3	forced
网站	wǎngzhàn	86.3	
腿	tuǐ	86.3	forced
计算机	jìsuànjī	86.3	
语言	yǔyán	86.3	forced
部分	bùfen	86.3	forced
饿	è	86.3	
中	zhōng	85.0	
了解	liǎojiě	85.0	
介绍	jièshào	85.0	
但	dàn	85.0	
保护	bǎohù	85.0	
再见	zàijiàn	85.0	
准备	zhǔnbèi	85.0	
出现	chūxiàn	85.0	
办法	bànfǎ	85.0	
加	jiā	85.0	
努力	nǔlì	85.0	
医生	yīshēng	85.0	
医院	yīyuàn	85.0	forced
参加	cānjiā	85.0	
回答	huídá	85.0	forced
完	wán	85.0	
对不起	duìbuqǐ	85.0	
小时	xiǎoshí	85.0	forced
就是	jiùshì	85.0	
希望	xīwàng	85.0	forced
得到	dédào	85.0	forced
意思	yìsi	85.0	
感觉	gǎnjué	85.0	forced
成功	chénggōng	85.0	
打电话	dǎ diànhuà	85.0	
故事	gùshi	85.0	forced
教	jiāo	85.0	
星期	xīngqī	85.0	forced
普通话	pǔtōnghuà	85.0	
最后	zuìhòu	85.0	forced
最近	zuìjìn	85.0	
机会	jīhuì	85.0	
机器	jīqì	85.0	forced
清楚	qīngchu	85.0	forced
照片	zhàopiàn	85.0	
父母	fùmǔ	85.0	
爸爸	bàba	85.0	forced
特别	tèbié	85.0	forced
生活	shēnghuó	85.0	
相信	xiāngxìn	85.0	
离	lí	85.0	
继续	jìxù	85.0	
考试	kǎoshì	85.0	
认识	rènshi	85.0	
读	dú	85.0	
起来	qǐlái	85.0	
过	guò	85.0	
运动	yùndòng	85.0	forced
银行	yínháng	85.0	
音乐	yīnyuè	85.0	forced
颜色	yánsè	85.0	forced
食物	shíwù	85.0	forced
高中	gāozhōng	85.0	
一些	yìxiē	83.8	forced
一直	yìzhí	83.8	
上学	shàngxué	83.8	
上班	shàngbān	83.8	
上网	shàngwǎng	83.8	
上课	shàngkè	83.8	
上面	shàngmiàn	83.8	forced
下面	xiàmiàn	83.8	forced
中午	zhōngwǔ	83.8	
中间	zhōngjiān	83.8	forced
些	xiē	83.8	
今年	jīnnián	83.8	
休息	xiūxi	83.8	forced
便宜	piányi	83.8	forced
借	jiè	83.8	
停	tíng	83.8	
健康	jiànkāng	83.8	forced
像	xiàng	83.8	forced
儿子	érzi	83.8	forced
公交车	gōngjiāochē	83.8	
公园	gōngyuán	83.8	
关心	guānxīn	83.8	forced
冬天	dōngtiān	83.8	forced
出来	chūlái	83.8	
前面	qiánmiàn	83.8	forced
危险	wēixiǎn	83.8	forced
去年	qùnián	83.8	
发	fā	83.8	
口	kǒu	83.8	
可是	kěshì	83.8	
可爱	kě’ài	83.8	forced
右	yòu	83.8	forced
号	hào	83.8	
同学	tóngxué	83.8	
同意	tóngyì	83.8	
后来	hòulái	83.8	
后面	hòumiàn	83.8	forced
听见	tīngjiàn	83.8	forced
商店	shāngdiàn	83.8	forced
回来	huílái	83.8	
地方	dìfāng	83.8	forced
外面	wàimiàn	83.8	forced
天气	tiānqì	83.8	forced
奇怪	qíguài	83.8	forced
女儿	nǚ’ér	83.8	forced
好像	hǎoxiàng	83.8	forced
好看	hǎokàn	83.8	
家人	jiārén	83.8	
容易	róngyì	83.8	forced
岁	suì	83.8	
左	zuǒ	83.8	forced
带	dài	83.8	forced
常	cháng	83.8	
干	gàn	83.8	forced
干净	gānjìng	83.8	forced
年轻	niánqīng	83.8	forced
店	diàn	83.8	
开会	kāihuì	83.8	
往	wǎng	83.8	
得	de	83.8	
忘	wàng	83.8	
忘记	wàngjì	83.8	
忙	máng	83.8	
快乐	kuàilè	83.8	
总是	zǒngshì	83.8	
愿意	yuànyì	83.8	
慢	màn	83.8	forced
懂	dǒng	83.8	
或	huò	83.8	
房间	fángjiān	83.8	forced
才	cái	83.8	
打开	dǎkāi	83.8	
打算	dǎsuàn	83.8	
担心	dānxīn	83.8	
接	jiē	83.8	
收	shōu	83.8	
新年	xīnnián	83.8	
方便	fāngbiàn	83.8	
旁边	pángbiān	83.8	
旧	jiù	83.8	forced
早	zǎo	83.8	forced
明年	míngnián	83.8	
春天	chūntiān	83.8	forced
晚	wǎn	83.8	forced
最好	zuìhǎo	83.8	
月亮	yuèliang	83.8	forced
有意思	yǒu yìsi	83.8	
有用	yǒuyòng	83.8	
树	shù	83.8	forced
楼	lóu	83.8	
次	cì	83.8	
欢迎	huānyíng	83.8	
死	sǐ	83.8	forced
每	měi	83.8	forced
比较	bǐjiào	83.8	
洗	xǐ	83.8	forced
活	huó	83.8	
游戏	yóuxì	83.8	
满意	mǎnyì	83.8	
漂亮	piàoliang	83.8	
火	huǒ	83.8	forced
火车	huǒchē	83.8	forced
点	diǎn	83.8	forced
牛奶	niúnǎi	83.8	forced
球	qiú	83.8	forced
生日	shēngrì	83.8	
生病	shēngbìng	83.8	forced
疼	téng	83.8	
病	bìng	83.8	
白	bái	83.8	
着	zhe	83.8	forced
离开	líkāi	83.8	forced
窗户	chuānghu	83.8	forced
站	zhàn	83.8	
笑	xiào	83.8	forced
笔	bǐ	83.8	forced
等	děng	83.8	forced
累	lèi	83.8	forced
红	hóng	83.8	
经常	jīngcháng	83.8	
结婚	jiéhūn	83.8	
网上	wǎngshang	83.8	
老人	lǎorén	83.8	
老板	lǎobǎn	83.8	
肉	ròu	83.8	forced
自行车	zìxíngchē	83.8	
舒服	shūfu	83.8	
花	huā	83.8	forced
花2	huā	83.8	
茶	chá	83.8	
街	jiē	83.8	
记	jì	83.8	
记得	jìde	83.8	
该	gāi	83.8	
课	kè	83.8	
走路	zǒulù	83.8	
起	qǐ	83.8	
超市	chāoshì	83.8	
边	biān	83.8	forced
过	guo	83.8	
过去	guòqù	83.8	forced
近	jìn	83.8	forced
这些	zhèxiē	83.8	
这样	zhèyàng	83.8	
远	yuǎn	83.8	forced
送	sòng	83.8	forced
选	xuǎn	83.8	
那样	nàyàng	83.8	
那里	nàlǐ	83.8	forced
里面	lǐmiàn	83.8	forced
附近	fùjìn	83.8	forced
雨	yǔ	83.8	forced
风	fēng	83.8	forced
飞	fēi	83.8	
飞机	fēijī	83.8	forced
餐厅	cāntīng	83.8	
饭店	fàndiàn	83.8	
鱼	yú	83.8	forced
黑	hēi	83.8	
一下	yíxià	82.5	
下雨	xià yǔ	82.5	
不用	búyòng	82.5	
不行	bùxíng	82.5	
不错	búcuò	82.5	
专家	zhuānjiā	82.5	forced
书包	shūbāo	82.5	
事实	shìshí	82.5	forced
信息	xìnxī	82.5	forced
做饭	zuò fàn	82.5	forced
关于	guānyú	82.5	forced
出去	chūqù	82.5	
刚才	gāngcái	82.5	
别	bié	82.5	
别的	biéde	82.5	
午饭	wǔfàn	82.5	
卫生间	wèishēngjiān	82.5	
厕所	cèsuǒ	82.5	
发展	fāzhǎn	82.5	forced
司机	sījī	82.5	
听说	tīngshuō	82.5	
周末	zhōumò	82.5	
哥哥	gēge	82.5	
哭	kū	82.5	forced
墙	qiáng	82.5	forced
夏天	xiàtiān	82.5	forced
大人	dàren	82.5	
好多	hǎoduō	82.5	
妹妹	mèimei	82.5	
姐姐	jiějie	82.5	
完全	wánquán	82.5	
实现	shíxiàn	82.5	
小心	xiǎoxīn	82.5	
山	shān	82.5	forced
帮忙	bāngmáng	82.5	
开车	kāichē	82.5	forced
怎么样	zěnmeyàng	82.5	
意义	yìyì	82.5	
政府	zhèngfǔ	82.5	forced
文化	wénhuà	82.5	
早饭	zǎofàn	82.5	
晚饭	wǎnfàn	82.5	
根据	gēnjù	82.5	
椅子	yǐzi	82.5	
汉字	Hànzì	82.5	
游泳	yóuyǒng	82.5	forced
灯	dēng	82.5	
牙	yá	82.5	
狗	gǒu	82.5	forced
猫	māo	82.5	forced
环境	huánjìng	82.5	
生气	shēngqì	82.5	forced
目的	mùdì	82.5	forced
看病	kànbìng	82.5	
眼	yǎn	82.5	
米饭	mǐfàn	82.5	forced
肚子	dùzi	82.5	
胖	pàng	82.5	forced
脏	zāng	82.5	forced
苹果	píngguǒ	82.5	
行	xíng	82.5	
裤子	kùzi	82.5	forced
要是	yàoshi	82.5	
见面	jiànmiàn	82.5	
解决	jiějué	82.5	
请问	qǐngwèn	82.5	
起床	qǐchuáng	82.5	
足球	zúqiú	82.5	
跑步	pǎobù	82.5	
这边	zhèbiān	82.5	
进来	jìnlái	82.5	
遇见	yùjiàn	82.5	
那边	nàbiān	82.5	
鞋	xié	82.5	forced
饮料	yǐnliào	82.5	
鼻子	bízi	82.5	forced
一会儿	yíhuìr	81.3	
下载	xiàzài	81.3	
不管	bùguǎn	81.3	
个人	gèrén	81.3	
中学	zhōngxué	81.3	
中心	zhōngxīn	81.3	forced
之前	zhīqián	81.3	
之后	zhīhòu	81.3	
互联网	hùliánwǎng	81.3	
产生	chǎnshēng	81.3	
人民币	rénmínbì	81.3	
代表	dàibiǎo	81.3	
任何	rènhé	81.3	forced
传	chuán	81.3	
位置	wèizhì	81.3	forced
使用	shǐyòng	81.3	
光	guāng	81.3	forced
内	nèi	81.3	
几乎	jīhū	81.3	forced
出生	chūshēng	81.3	forced
分	fēn	81.3	
分数	fēnshù	81.3	
力量	lìliàng	81.3	forced
办	bàn	81.3	
化	huà	81.3	
单位	dānwèi	81.3	forced
原来	yuánlái	81.3	
变化	biànhuà	81.3	
句子	jùzi	81.3	
各	gè	81.3	
名人	míngrén	81.3	
员	yuán	81.3	
呢	ne	81.3	
周	zhōu	81.3	
哪儿	nǎr	81.3	
困难	kùnnan	81.3	forced
在线	zàixiàn	81.3	
地	de	81.3	
地区	dìqū	81.3	
地址	dìzhǐ	81.3	
地球	dìqiú	81.3	forced
城	chéng	81.3	
基本	jīběn	81.3	
大学生	dàxuéshēng	81.3	
大概	dàgài	81.3	
女孩儿	nǚháir	81.3	
奶奶	nǎinai	81.3	
好玩儿	hǎowánr	81.3	
字典	zìdiǎn	81.3	
安排	ānpái	81.3	
家庭	jiātíng	81.3	forced
小学	xiǎoxué	81.3	
小孩儿	xiǎoháir	81.3	
小朋友	xiǎopéngyǒu	81.3	
工具	gōngjù	81.3	forced
市	shì	81.3	
年级	niánjí	81.3	
年龄	niánlíng	81.3	
建	jiàn	81.3	
建议	jiànyì	81.3	forced
强	qiáng	81.3	forced
当	dāng	81.3	
得	dé	81.3	
得	děi	81.3	
总	zǒng	81.3	
情况	qíngkuàng	81.3	
意见	yìjiàn	81.3	forced
成为	chéngwéi	81.3	
或者	huòzhě	81.3	forced
报纸	bàozhǐ	81.3	
拥有	yōngyǒu	81.3	
接受	jiēshòu	81.3	
提	tí	81.3	
提高	tígāo	81.3	
支持	zhīchí	81.3	forced
改变	gǎibiàn	81.3	forced
数	shù	81.3	forced
方面	fāngmiàn	81.3	
有关	yǒuguān	81.3	
有名	yǒumíng	81.3	
服务	fúwù	81.3	
未来	wèilái	81.3	forced
材料	cáiliào	81.3	
杯子	bēizi	81.3	forced
极	jí	81.3	
查	chá	81.3	
检查	jiǎnchá	81.3	
植物	zhíwù	81.3	forced
正	zhèng	81.3	
母亲	mǔqīn	81.3	
毕业	bìyè	81.3	
没事	méishì	81.3	
没关系	méi guānxi	81.3	
洗手间	xǐshǒujiān	81.3	
洗澡	xǐzǎo	81.3	forced
活动	huódòng	81.3	
消息	xiāoxi	81.3	
渴	kě	81.3	
爷爷	yéye	81.3	
现代	xiàndài	81.3	
理解	lǐjiě	81.3	
生	shēng	81.3	
用户	yònghù	81.3	
男孩儿	nánháir	81.3	
白天	báitiān	81.3	
直	zhí	81.3	forced
真实	zhēnshí	81.3	
着急	zháojí	81.3	
种	zhǒng	81.3	
移动	yídòng	81.3	forced
空气	kōngqì	81.3	forced
第	dì	81.3	
答案	dá’àn	81.3	forced
精神	jīngshen	81.3	
终于	zhōngyú	81.3	
结果	jiéguǒ	81.3	
网络	wǎngluò	81.3	
考	kǎo	81.3	
考虑	kǎolǜ	81.3	
而且	érqiě	81.3	
肯定	kěndìng	81.3	
自然	zìrán	81.3	forced
自由	zìyóu	81.3	forced
节目	jiémù	81.3	
虽然	suīrán	81.3	forced
表示	biǎoshì	81.3	
要求	yāoqiú	81.3	
计划	jìhuà	81.3	
认为	rènwéi	81.3	
许多	xǔduō	81.3	
词	cí	81.3	forced
语文	yǔwén	81.3	
课本	kèběn	81.3	
负责	fùzé	81.3	forced
超过	chāoguò	81.3	forced
越	yuè	81.3	
跳	tiào	81.3	forced
跳舞	tiàowǔ	81.3	forced
软件	ruǎnjiàn	81.3	
进入	jìnrù	81.3	
进行	jìnxíng	81.3	
连	lián	81.3	
选择	xuǎnzé	81.3	forced
速度	sùdù	81.3	
那些	nàxiē	81.3	
邮件	yóujiàn	81.3	
部门	bùmén	81.3	
重	zhòng	81.3	
零	líng	81.3	
领导	lǐngdǎo	81.3	
题	tí	81.3	
高考	gāokǎo	81.3	
一半	yíbàn	80.0	
一般	yìbān	80.0	forced
不过	búguò	80.0	
中学生	zhōngxuéshēng	80.0	
主意	zhǔyi	80.0	
乘客	chéngkè	80.0	
习惯	xíguàn	80.0	
书店	shūdiàn	80.0	
交	jiāo	80.0	
付	fù	80.0	
以为	yǐwéi	80.0	
信	xìn	80.0	forced
先生	xiānsheng	80.0	
全都	quándōu	80.0	
兴趣	xìngqù	80.0	
农民	nóngmín	80.0	
卖	mài	80.0	
参观	cānguān	80.0	
只有	zhǐyǒu	80.0	
味道	wèidào	80.0	forced
地铁	dìtiě	80.0	
外国	wàiguó	80.0	
天空	tiānkōng	80.0	forced
季节	jìjié	80.0	
小学生	xiǎoxuéshēng	80.0	
平	píng	80.0	forced
当时	dāngshí	80.0	
心情	xīnqíng	80.0	
想法	xiǎngfǎ	80.0	forced
感谢	gǎnxiè	80.0	
指	zhǐ	80.0	
按	àn	80.0	
收到	shōudào	80.0	
改	gǎi	80.0	
教室	jiàoshì	80.0	
方向	fāngxiàng	80.0	forced
日子	rìzi	80.0	
明星	míngxīng	80.0	
有些	yǒuxiē	80.0	
有趣	yǒuqù	80.0	
机场	jīchǎng	80.0	
样子	yàngzi	80.0	
正在	zhèngzài	80.0	
步	bù	80.0	forced
气	qì	80.0	
画	huà	80.0	forced
硬	yìng	80.0	forced
票	piào	80.0	forced
突然	tūrán	80.0	forced
等	děng	80.0	forced
算	suàn	80.0	
管	guǎn	80.0	
练习	liànxí	80.0	
美	měi	80.0	
美丽	měilì	80.0	forced
药	yào	80.0	forced
蔬菜	shūcài	80.0	
表	biǎo	80.0	
警察	jǐngchá	80.0	
读书	dúshū	80.0	
身	shēn	80.0	
身份证	shēnfènzhèng	80.0	
车站	chēzhàn	80.0	
遇到	yùdào	80.0	
酒店	jiǔdiàn	80.0	
面	miàn	80.0	
鼠标	shǔbiāo	80.0	
一共	yígòng	78.8	
一块儿	yíkuàir	78.8	
一点儿	yìdiǎnr	78.8	
上去	shàngqù	78.8	
上来	shànglái	78.8	
下去	xiàqù	78.8	
下来	xiàlái	78.8	
下班	xiàbān	78.8	
下课	xiàkè	78.8	
不够	búgòu	78.8	
不客气	bú kèqi	78.8	
为	wéi	78.8	forced
主席	zhǔxí	78.8	
也许	yěxǔ	78.8	
云	yún	78.8	forced
产品	chǎnpǐn	78.8	
亮	liàng	78.8	forced
亲人	qīnrén	78.8	
人民	rénmín	78.8	
以	yǐ	78.8	
伤心	shāngxīn	78.8	
低	dī	78.8	forced
假期	jiàqī	78.8	
养	yǎng	78.8	
冰箱	bīngxiāng	78.8	
出租车	chūzūchē	78.8	
出门	chūmén	78.8	
到处	dàochù	78.8	
制定	zhìdìng	78.8	
办事	bànshì	78.8	
包	bāo	78.8	forced
厨房	chúfáng	78.8	
只是	zhǐshì	78.8	
只能	zhǐ néng	78.8	
右边	yòubian	78.8	forced
同事	tóngshì	78.8	
味	wèi	78.8	
响	xiǎng	78.8	
唱	chàng	78.8	forced
商场	shāngchǎng	78.8	
回去	huíqù	78.8	forced
圆	yuán	78.8	forced
土	tǔ	78.8	
垃圾	lājī	78.8	
声	shēng	78.8	
外边	wàibian	78.8	
够	gòu	78.8	forced
女朋友	nǚpéngyou	78.8	
女生	nǚshēng	78.8	
好听	hǎotīng	78.8	
姓	xìng	78.8	
客人	kèrén	78.8	
害怕	hàipà	78.8	forced
家具	jiājù	78.8	
小时候	xiǎoshíhou	78.8	
左边	zuǒbian	78.8	forced
差不多	chàbuduō	78.8	
常常	chángcháng	78.8	
平时	píngshí	78.8	
应用	yìngyòng	78.8	
建筑	jiànzhù	78.8	forced
建设	jiànshè	78.8	
张	zhāng	78.8	
快要	kuàiyào	78.8	
怎么办	zěnme bàn	78.8	
怎样	zěnyàng	78.8	
思想	sīxiǎng	78.8	
急	jí	78.8	
感兴趣	gǎn xìngqù	78.8	
手表	shǒubiǎo	78.8	forced
报名	bàomíng	78.8	
换	huàn	78.8	
掉	diào	78.8	forced
推	tuī	78.8	forced
放心	fàngxīn	78.8	
政治	zhèngzhì	78.8	forced
数据	shùjù	78.8	
文学	wénxué	78.8	
旅游	lǚyóu	78.8	
早晨	zǎochen	78.8	
星星	xīngxing	78.8	forced
有时	yǒushí	78.8	
权利	quánlì	78.8	
标准	biāozhǔn	78.8	
歌	gē	78.8	forced
河	hé	78.8	forced
油	yóu	78.8	forced
法	fǎ	78.8	
海	hǎi	78.8	forced
游	yóu	78.8	
满	mǎn	78.8	forced
点	diǎn	78.8	forced
照顾	zhàogù	78.8	forced
爱好	àihào	78.8	
猜	cāi	78.8	
玻璃	bōli	78.8	forced
班	bān	78.8	
电影院	diànyǐngyuàn	78.8	
电池	diànchí	78.8	
男朋友	nánpéngyou	78.8	
男生	nánshēng	78.8	
痛	tòng	78.8	
盐	yán	78.8	forced
相机	xiàngjī	78.8	forced
看来	kànlái	78.8	
眼镜	yǎnjìng	78.8	
短信	duǎnxìn	78.8	
研究	yánjiū	78.8	
礼物	lǐwù	78.8	
社会	shèhuì	78.8	forced
秋天	qiūtiān	78.8	
科学	kēxué	78.8	forced
空调	kōngtiáo	78.8	
窗	chuāng	78.8	
答应	dāying	78.8	
系统	xìtǒng	78.8	forced
红色	hóngsè	78.8	forced
练	liàn	78.8	
组织	zǔzhī	78.8	forced
经济	jīngjì	78.8	
绿色	lǜsè	78.8	forced
聪明	cōngmíng	78.8	forced
背	bèi	78.8	forced
节日	jiérì	78.8	
蓝	lán	78.8	
血	xiě	78.8	forced
行李	xíngli	78.8	
认真	rènzhēn	78.8	
讲	jiǎng	78.8	
试	shì	78.8	
质量	zhìliàng	78.8	forced
贵	guì	78.8	forced
资料	zīliào	78.8	
资源	zīyuán	78.8	
赢	yíng	78.8	
路上	lùshang	78.8	
踢	tī	78.8	forced
软	ruǎn	78.8	forced
过去	guòqù	78.8	forced
过来	guòlái	78.8	
运气	yùnqi	78.8	
进去	jìnqù	78.8	
邻居	línjū	78.8	
酒	jiǔ	78.8	forced
醒	xǐng	78.8	forced
钥匙	yàoshi	78.8	forced
锻炼	duànliàn	78.8	
长	zhǎng	78.8	forced
门口	ménkǒu	78.8	
阳光	yángguāng	78.8	
除了	chúle	78.8	
难过	nánguò	78.8	forced
面前	miànqián	78.8	
面包	miànbāo	78.8	forced
项目	xiàngmù	78.8	
饭馆	fànguǎn	78.8	
马路	mǎlù	78.8	
骑	qí	78.8	
鸟	niǎo	78.8	forced
鸡蛋	jīdàn	78.8	
麻烦	máfan	78.8	
黄色	huángsè	78.8	forced
黑色	hēisè	78.8	forced
一切	yíqiè	77.5	
一致	yízhì	77.5	
万	wàn	77.5	
专业	zhuānyè	77.5	
业务	yèwù	77.5	
严重	yánzhòng	77.5	forced
为	wéi	77.5	forced
主题	zhǔtí	77.5	
举行	jǔxíng	77.5	
久	jiǔ	77.5	
之间	zhījiān	77.5	
争取	zhēngqǔ	77.5	
事业	shìyè	77.5	
事件	shìjiàn	77.5	forced
事物	shìwù	77.5	
交通	jiāotōng	77.5	forced
产	chǎn	77.5	
人口	rénkǒu	77.5	
人才	réncái	77.5	
人物	rénwù	77.5	
人生	rénshēng	77.5	
人类	rénlèi	77.5	
价格	jiàgé	77.5	forced
任务	rènwu	77.5	
优势	yōushì	77.5	
优惠	yōuhuì	77.5	
优秀	yōuxiù	77.5	
会议	huìyì	77.5	forced
伟大	wěidà	77.5	forced
作出	zuòchū	77.5	
作品	zuòpǐn	77.5	
作家	zuòjiā	77.5	
作用	zuòyòng	77.5	
作者	zuòzhě	77.5	
使	shǐ	77.5	forced
保持	bǎochí	77.5	forced
保证	bǎozhèng	77.5	
修改	xiūgǎi	77.5	
全部	quánbù	77.5	
关键	guānjiàn	77.5	
内容	nèiróng	77.5	
写作	xiězuò	77.5	forced
决心	juéxīn	77.5	
刀	dāo	77.5	forced
利用	lìyòng	77.5	
到达	dàodá	77.5	
制作	zhìzuò	77.5	
制造	zhìzào	77.5	
功能	gōngnéng	77.5	
包括	bāokuò	77.5	
区域	qūyù	77.5	
博物馆	bówùguǎn	77.5	
历史	lìshǐ	77.5	forced
厉害	lìhai	77.5	
压力	yālì	77.5	
参与	cānyù	77.5	
反应	fǎnyìng	77.5	forced
发烧	fāshāo	77.5	
合	hé	77.5	
合作	hézuò	77.5	
同	tóng	77.5	
后天	hòutiān	77.5	
吹	chuī	77.5	forced
员工	yuángōng	77.5	
咖啡	kāfēi	77.5	
品牌	pǐnpái	77.5	
唯一	wéiyī	77.5	
商业	shāngyè	77.5	
商品	shāngpǐn	77.5	
啤酒	píjiǔ	77.5	
团队	tuánduì	77.5	
国际	guójì	77.5	
土地	tǔdì	77.5	forced
坚持	jiānchí	77.5	
基础	jīchǔ	77.5	forced
增加	zēngjiā	77.5	
增强	zēngqiáng	77.5	
处理	chǔlǐ	77.5	
复杂	fùzá	77.5	forced
外卖	wàimài	77.5	
大米	dàmǐ	77.5	
姐妹	jiěmèi	77.5	forced
媒体	méitǐ	77.5	
实际	shíjì	77.5	
实验	shíyàn	77.5	
客气	kèqi	77.5	
对面	duìmiàn	77.5	
寻找	xúnzhǎo	77.5	
尊敬	zūnjìng	77.5	
屏幕	píngmù	77.5	
展示	zhǎnshì	77.5	
属于	shǔyú	77.5	
已	yǐ	77.5	
市场	shìchǎng	77.5	forced
帮	bāng	77.5	
平台	píngtái	77.5	
幸福	xìngfú	77.5	
广告	guǎnggào	77.5	
应当	yīngdāng	77.5	
度	dù	77.5	
建立	jiànlì	77.5	
开放	kāifàng	77.5	
引起	yǐnqǐ	77.5	
弟弟	dìdi	77.5	
当作	dàngzuò	77.5	
形成	xíngchéng	77.5	
心理	xīnlǐ	77.5	
必要	bìyào	77.5	forced
思考	sīkǎo	77.5	
总统	zǒngtǒng	77.5	
想象	xiǎngxiàng	77.5	
意识	yìshí	77.5	
感冒	gǎnmào	77.5	
成员	chéngyuán	77.5	
成立	chénglì	77.5	
戴	dài	77.5	
才能	cáinéng	77.5	
打车	dǎchē	77.5	
技术	jìshù	77.5	
抓	zhuā	77.5	forced
报告	bàogào	77.5	
报道	bàodào	77.5	
抱	bào	77.5	
拍照	pāizhào	77.5	
指出	zhǐchū	77.5	
指导	zhǐdǎo	77.5	
掌握	zhǎngwò	77.5	
控制	kòngzhì	77.5	forced
提供	tígōng	77.5	forced
提出	tíchū	77.5	
擦	cā	77.5	forced
效果	xiàoguǒ	77.5	forced
效率	xiàolǜ	77.5	
教育	jiàoyù	77.5	forced
数字	shùzì	77.5	forced
数学	shùxué	77.5	
数量	shùliàng	77.5	forced
整个	zhěnggè	77.5	
文件	wénjiàn	77.5	
文字	wénzì	77.5	
文章	wénzhāng	77.5	
方	fāng	77.5	
时	shí	77.5	
时代	shídài	77.5	
时刻	shíkè	77.5	
时期	shíqī	77.5	
明显	míngxiǎn	77.5	
星期天	xīngqītiān	77.5	
显示	xiǎnshì	77.5	
智能	zhìnéng	77.5	
有效	yǒuxiào	77.5	
服装	fúzhuāng	77.5	
条件	tiáojiàn	77.5	forced
某	mǒu	77.5	
棒	bàng	77.5	
正常	zhèngcháng	77.5	forced
正确	zhèngquè	77.5	
比如	bǐrú	77.5	
水平	shuǐpíng	77.5	forced
沙发	shāfā	77.5	
治疗	zhìliáo	77.5	
消费	xiāofèi	77.5	
温度	wēndù	77.5	
满足	mǎnzú	77.5	
牙刷	yáshuā	77.5	
牛	niú	77.5	forced
物品	wùpǐn	77.5	
特殊	tèshū	77.5	
特点	tèdiǎn	77.5	
特色	tèsè	77.5	
状况	zhuàngkuàng	77.5	
状态	zhuàngtài	77.5	
独立	dúlì	77.5	
现场	xiànchǎng	77.5	
现实	xiànshí	77.5	
理由	lǐyóu	77.5	
甜	tián	77.5	forced
生产	shēngchǎn	77.5	
生命	shēngmìng	77.5	
生物	shēngwù	77.5	
由	yóu	77.5	
疑问	yíwèn	77.5	
登录	dēnglù	77.5	
的确	díquè	77.5	
目标	mùbiāo	77.5	
直播	zhíbō	77.5	
相当	xiāngdāng	77.5	forced
真正	zhēnzhèng	77.5	
知名	zhīmíng	77.5	
硬件	yìngjiàn	77.5	
确定	quèdìng	77.5	
确实	quèshí	77.5	
碗	wǎn	77.5	
社区	shèqū	77.5	
种类	zhǒnglèi	77.5	forced
科技	kējì	77.5	
移	yí	77.5	
程度	chéngdù	77.5	forced
稳定	wěndìng	77.5	
空间	kōngjiān	77.5	forced
等于	děngyú	77.5	
筷子	kuàizi	77.5	
管理	guǎnlǐ	77.5	
篮球	lánqiú	77.5	
类	lèi	77.5	
糖	táng	77.5	forced
组成	zǔchéng	77.5	
经验	jīngyàn	77.5	forced
结	jié	77.5	forced
聊天儿	liáotiānr	77.5	
职业	zhíyè	77.5	
联系	liánxì	77.5	forced
背	bēi	77.5	forced
背包	bēibāo	77.5	
胜利	shènglì	77.5	
能力	nénglì	77.5	
能够	nénggòu	77.5	
自	zì	77.5	
自动	zìdòng	77.5	forced
至少	zhìshǎo	77.5	
色彩	sècǎi	77.5	
艺术	yìshù	77.5	forced
范围	fànwéi	77.5	forced
营养	yíngyǎng	77.5	
著名	zhùmíng	77.5	
行为	xíngwéi	77.5	forced
行动	xíngdòng	77.5	
表现	biǎoxiàn	77.5	
表达	biǎodá	77.5	
表面	biǎomiàn	77.5	
观点	guāndiǎn	77.5	
视频	shìpín	77.5	
解释	jiěshì	77.5	
讨厌	tǎoyàn	77.5	
讨论	tǎolùn	77.5	forced
训练	xùnliàn	77.5	
记录	jìlù	77.5	forced
设备	shèbèi	77.5	
设计	shèjì	77.5	forced
证明	zhèngmíng	77.5	
词典	cídiǎn	77.5	
语音	yǔyīn	77.5	
说明	shuōmíng	77.5	
调查	diàochá	77.5	
责任	zérèn	77.5	
赶	gǎn	77.5	
足够	zúgòu	77.5	
身份	shēnfèn	77.5	
转变	zhuǎnbiàn	77.5	
输入	shūrù	77.5	
达到	dádào	77.5	
过程	guòchéng	77.5	forced
运	yùn	77.5	
运用	yùnyòng	77.5	
通知	tōngzhī	77.5	
通过	tōngguò	77.5	forced
造	zào	77.5	
那儿	nàr	77.5	
部	bù	77.5	
重点	zhòngdiǎn	77.5	
重量	zhòngliàng	77.5	forced
量	liàng	77.5	
销售	xiāoshòu	77.5	
锅	guō	77.5	forced
随便	suíbiàn	77.5	
需	xū	77.5	
面条儿	miàntiáor	77.5	
题目	tímù	77.5	
食品	shípǐn	77.5	
香	xiāng	77.5	
香蕉	xiāngjiāo	77.5	
一生	yìshēng	76.3	
上传	shàngchuán	76.3	
不但	búdàn	76.3	
不如	bùrú	76.3	
不得不	bùdébù	76.3	
不必	búbì	76.3	
不断	búduàn	76.3	
专门	zhuānmén	76.3	
主人	zhǔrén	76.3	forced
举	jǔ	76.3	
举办	jǔbàn	76.3	
乘	chéng	76.3	
争	zhēng	76.3	
交流	jiāoliú	76.3	
亲自	qīnzì	76.3	
人数	rénshù	76.3	
仔细	zǐxì	76.3	
以上	yǐshàng	76.3	
以下	yǐxià	76.3	
价钱	jiàqián	76.3	
优点	yōudiǎn	76.3	
住房	zhùfáng	76.3	
体会	tǐhuì	76.3	
体力	tǐlì	76.3	
体育	tǐyù	76.3	
例子	lìzi	76.3	forced
保	bǎo	76.3	
信任	xìnrèn	76.3	
信心	xìnxīn	76.3	
停止	tíngzhǐ	76.3	forced
允许	yǔnxǔ	76.3	
免费	miǎnfèi	76.3	forced
关注	guānzhù	76.3	
其中	qízhōng	76.3	
农村	nóngcūn	76.3	
准	zhǔn	76.3	
减少	jiǎnshǎo	76.3	
出发	chūfā	76.3	
分享	fēnxiǎng	76.3	
分开	fēnkāi	76.3	forced
办公	bàngōng	76.3	
办公室	bàngōngshì	76.3	
办理	bànlǐ	76.3	
加入	jiārù	76.3	forced
勇气	yǒngqì	76.3	
区	qū	76.3	
区别	qūbié	76.3	
升	shēng	76.3	forced
卫生	wèishēng	76.3	
印象	yìnxiàng	76.3	
厂	chǎng	76.3	
反	fǎn	76.3	
反对	fǎnduì	76.3	forced
反正	fǎnzhèng	76.3	
发出	fāchū	76.3	
取	qǔ	76.3	
受	shòu	76.3	
另外	lìngwài	76.3	
只要	zhǐyào	76.3	
号码	hàomǎ	76.3	
各种	gèzhǒng	76.3	
合适	héshì	76.3	
同时	tóngshí	76.3	
同样	tóngyàng	76.3	
名	míng	76.3	
向	xiàng	76.3	forced
吧	ba	76.3	forced
吸引	xīyǐn	76.3	
周围	zhōuwéi	76.3	
命	mìng	76.3	
哪些	nǎxiē	76.3	
嘴巴	zuǐba	76.3	
国庆	guóqìng	76.3	
图	tú	76.3	
图片	túpiàn	76.3	forced
图画	túhuà	76.3	
地点	dìdiǎn	76.3	
基本上	jīběnshàng	76.3	
复习	fùxí	76.3	
外语	wàiyǔ	76.3	
夜	yè	76.3	
大约	dàyuē	76.3	forced
好	hào	76.3	forced
妇女	fùnǚ	76.3	
姓名	xìngmíng	76.3	
娱乐	yúlè	76.3	forced
学期	xuéqī	76.3	
安	ān	76.3	
安全	ānquán	76.3	forced
定	dìng	76.3	
实在	shízài	76.3	
家长	jiāzhǎng	76.3	
密码	mìmǎ	76.3	
对话	duìhuà	76.3	
对象	duìxiàng	76.3	
将来	jiānglái	76.3	
小说	xiǎoshuō	76.3	
尤其	yóuqí	76.3	
尽管	jǐnguǎn	76.3	
工厂	gōngchǎng	76.3	
工资	gōngzī	76.3	
左右	zuǒyòu	76.3	
差别	chābié	76.3	
年纪	niánjì	76.3	
弱	ruò	76.3	
当	dàng	76.3	
当地	dāngdì	76.3	
录音	lùyīn	76.3	
心态	xīntài	76.3	
态度	tàidù	76.3	
情绪	qíngxù	76.3	forced
愉快	yúkuài	76.3	forced
感到	gǎndào	76.3	
感情	gǎnqíng	76.3	
愿	yuàn	76.3	
愿望	yuànwàng	76.3	
房屋	fángwū	76.3	
手术	shǒushù	76.3	
打印	dǎyìn	76.3	forced
拒绝	jùjué	76.3	
挣	zhèng	76.3	
提到	tídào	76.3	
提问	tíwèn	76.3	
播放	bōfàng	76.3	
收获	shōuhuò	76.3	
放学	fàngxué	76.3	
放弃	fàngqì	76.3	
救	jiù	76.3	
教师	jiàoshī	76.3	
整	zhěng	76.3	
整理	zhěnglǐ	76.3	
断	duàn	76.3	
方式	fāngshì	76.3	forced
日期	rìqī	76.3	
普通	pǔtōng	76.3	
更加	gèngjiā	76.3	
月份	yuèfèn	76.3	
有点儿	yǒudiǎnr	76.3	
本	běn	76.3	
本来	běnlái	76.3	
来自	láizì	76.3	
查看	chákàn	76.3	
校园	xiàoyuán	76.3	
校长	xiàozhǎng	76.3	
比赛	bǐsài	76.3	
毕业生	bìyèshēng	76.3	
永远	yǒngyuǎn	76.3	
污染	wūrǎn	76.3	
河流	héliú	76.3	
流	liú	76.3	
海洋	hǎiyáng	76.3	forced
消失	xiāoshī	76.3	
涨	zhǎng	76.3	
涨价	zhǎngjià	76.3	
深	shēn	76.3	forced
演员	yǎnyuán	76.3	
热爱	rè’ài	76.3	
熟悉	shúxi	76.3	
父亲	fùqīn	76.3	
环保	huánbǎo	76.3	
现金	xiànjīn	76.3	
生意	shēngyi	76.3	forced
电器	diànqì	76.3	
画面	huàmiàn	76.3	
留	liú	76.3	forced
痛苦	tòngkǔ	76.3	
目前	mùqián	76.3	
直到	zhídào	76.3	forced
相同	xiāngtóng	76.3	
省	shěng	76.3	
睡眠	shuìmián	76.3	
积极	jījí	76.3	
空	kōng	76.3	
答	dá	76.3	
粮食	liángshi	76.3	
约	yuē	76.3	
线上	xiànshàng	76.3	
组	zǔ	76.3	
经历	jīnglì	76.3	
经理	jīnglǐ	76.3	
缺点	quēdiǎn	76.3	
网页	wǎngyè	76.3	
群	qún	76.3	
翻译	fānyì	76.3	
聊	liáo	76.3	
胜	shèng	76.3	
花费	huāfèi	76.3	
获得	huòdé	76.3	
表扬	biǎoyáng	76.3	
装	zhuāng	76.3	forced
观众	guānzhòng	76.3	
认	rèn	76.3	
记者	jìzhě	76.3	
话	huà	76.3	
讲话	jiǎnghuà	76.3	
词语	cíyǔ	76.3	
诚实	chéngshí	76.3	
话题	huàtí	76.3	forced
课文	kèwén	76.3	
谈	tán	76.3	
谈话	tánhuà	76.3	
负责人	fùzérén	76.3	
费用	fèiyong	76.3	
赞成	zànchéng	76.3	
转	zhuǎn	76.3	forced
运动员	yùndòngyuán	76.3	
进步	jìnbù	76.3	
追	zhuī	76.3	
退	tuì	76.3	
退休	tuìxiū	76.3	
适合	shìhé	76.3	
选手	xuǎnshǒu	76.3	
通	tōng	76.3	
道	dào	76.3	
道理	dàolǐ	76.3	
道路	dàolù	76.3	
邀请	yāoqǐng	76.3	
邮箱	yóuxiāng	76.3	
重新	chóngxīn	76.3	
银行卡	yínhángkǎ	76.3	
错误	cuòwù	76.3	
键盘	jiànpán	76.3	
降低	jiàngdī	76.3	
随	suí	76.3	
随时	suíshí	76.3	
难题	nántí	76.3	
静	jìng	76.3	
面2	miàn	76.3	
面对	miànduì	76.3	
顾客	gùkè	76.3	
饮食	yǐnshí	76.3	
首先	shǒuxiān	76.3	
丈夫	zhàngfu	75.0	
不好意思	bù hǎoyìsi	75.0	
专心	zhuānxīn	75.0	
乘坐	chéngzuò	75.0	
乡村	xiāngcūn	75.0	
乱	luàn	75.0	
亲	qīn	75.0	
亲戚	qīnqi	75.0	
人群	rénqún	75.0	
企业	qǐyè	75.0	
伤	shāng	75.0	
住宿	zhùsù	75.0	
体重	tǐzhòng	75.0	
修	xiū	75.0	forced
假	jiǎ	75.0	forced
兄弟	xiōngdì	75.0	forced
入口	rùkǒu	75.0	
兴奋	xīngfèn	75.0	
减	jiǎn	75.0	
出口	chūkǒu	75.0	
切	qiē	75.0	
到底	dàodǐ	75.0	
制度	zhìdù	75.0	
功课	gōngkè	75.0	
加油	jiāyóu	75.0	
动作	dòngzuò	75.0	
动画	dònghuà	75.0	
医学	yīxué	75.0	
压	yā	75.0	
原则	yuánzé	75.0	
及时	jíshí	75.0	
友好	yǒuhǎo	75.0	
发音	fāyīn	75.0	
受伤	shòushāng	75.0	
呼吸	hūxī	75.0	forced
商量	shāngliang	75.0	
啊	a	75.0	forced
地面	dìmiàn	75.0	
失望	shīwàng	75.0	
好处	hǎochù	75.0	
如	rú	75.0	
存	cún	75.0	
学术	xuéshù	75.0	
家乡	jiāxiāng	75.0	
宿舍	sùshè	75.0	
寄	jì	75.0	
对方	duìfāng	75.0	
工人	gōngrén	75.0	
布	bù	75.0	forced
平安	píng’ān	75.0	
平常	píngcháng	75.0	
幸运	xìngyùn	75.0	
幼儿园	yòu’éryuán	75.0	
广场	guǎngchǎng	75.0	
底	dǐ	75.0	
座位	zuòwèi	75.0	
开学	kāixué	75.0	
开玩笑	kāi wánxiào	75.0	
弄	nòng	75.0	
彩色	cǎisè	75.0	
快递	kuàidì	75.0	
念	niàn	75.0	
忽然	hūrán	75.0	
感动	gǎndòng	75.0	
戏	xì	75.0	
所	suǒ	75.0	
打招呼	dǎ zhāohu	75.0	
抓紧	zhuājǐn	75.0	
护士	hùshi	75.0	
拼音	pīnyīn	75.0	
提醒	tíxǐng	75.0	
收拾	shōushi	75.0	
放松	fàngsōng	75.0	
数	shǔ	75.0	forced
旅行	lǚxíng	75.0	forced
景点	jǐngdiǎn	75.0	
景色	jǐngsè	75.0	
暑假	shǔjià	75.0	
暗	àn	75.0	
有的	yǒude	75.0	
本地	běndì	75.0	
机器人	jīqìrén	75.0	
根	gēn	75.0	
桥	qiáo	75.0	forced
歌曲	gēqǔ	75.0	
正好	zhènghǎo	75.0	
法律	fǎlǜ	75.0	forced
流行	liúxíng	75.0	
温暖	wēnnuǎn	75.0	forced
湖	hú	75.0	
演	yǎn	75.0	
演出	yǎnchū	75.0	
激动	jīdòng	75.0	
烧	shāo	75.0	forced
理论	lǐlùn	75.0	forced
用力	yònglì	75.0	
电视剧	diànshìjù	75.0	
留言	liúyán	75.0	
皮肤	pífū	75.0	forced
看法	kànfǎ	75.0	forced
礼貌	lǐmào	75.0	
科研	kēyán	75.0	
程序	chéngxù	75.0	
穷	qióng	75.0	forced
签名	qiānmíng	75.0	
紧	jǐn	75.0	forced
紧张	jǐnzhāng	75.0	
细	xì	75.0	
聚	jù	75.0	
聚会	jùhuì	75.0	
舞蹈	wǔdǎo	75.0	
药店	yàodiàn	75.0	
行人	xíngrén	75.0	
行走	xíngzǒu	75.0	
街道	jiēdào	75.0	forced
表情	biǎoqíng	75.0	
课堂	kètáng	75.0	
轻	qīng	75.0	
这儿	zhèr	75.0	
邮局	yóujú	75.0	
队	duì	75.0	
靠	kào	75.0	forced
风景	fēngjǐng	75.0	
食堂	shítáng	75.0	
鼓励	gǔlì	75.0	
龙	lóng	75.0	
价值	jiàzhí	73.8	forced
分配	fēnpèi	73.8	forced
分钟	fēnzhōng	73.8	forced
化学	huàxué	73.8	forced
医疗	yīliáo	73.8	forced
变成	biànchéng	73.8	forced
叶子	yèzi	73.8	forced
咬	yǎo	73.8	forced
夜晚	yèwǎn	73.8	forced
导致	dǎozhì	73.8	forced
帽子	màozi	73.8	forced
微笑	wēixiào	73.8	forced
拉	lā	73.8	forced
无聊	wúliáo	73.8	forced
曾经	céngjīng	73.8	forced
木头	mùtou	73.8	forced
杀	shā	73.8	forced
标志	biāozhì	73.8	forced
概念	gàiniàn	73.8	forced
洞	dòng	73.8	forced
测试	cèshì	73.8	forced
湿	shī	73.8	forced
烟	yān	73.8	forced
牙齿	yáchǐ	73.8	forced
物质	wùzhì	73.8	forced
瓶子	píngzi	73.8	forced
甚至	shènzhì	73.8	forced
疾病	jíbìng	73.8	forced
白色	báisè	73.8	forced
盒子	hézi	73.8	forced
短	duǎn	73.8	forced
石头	shítou	73.8	forced
笨	bèn	73.8	forced
细节	xìjié	73.8	forced
结构	jiégòu	73.8	forced
船	chuán	73.8	forced
花园	huāyuán	73.8	forced
裙子	qúnzi	73.8	forced
观察	guānchá	73.8	forced
规则	guīzé	73.8	forced
铅笔	qiānbǐ	73.8	forced
锁	suǒ	73.8	forced
镜子	jìngzi	73.8	forced
阅读	yuèdú	73.8	forced
阶段	jiēduàn	73.8	forced
限制	xiànzhì	73.8	forced
雪	xuě	73.8	forced
领域	lǐngyù	73.8	forced
马	mǎ	73.8	forced
交换	jiāohuàn	72.5	forced
公共	gōnggòng	72.5	forced
剪刀	jiǎndāo	72.5	forced
口袋	kǒudai	72.5	forced
含	hán	72.5	forced
啊	ā	72.5	forced
固定	gùdìng	72.5	forced
土豆	tǔdòu	72.5	forced
大脑	dànǎo	72.5	forced
奖励	jiǎnglì	72.5	forced
完整	wánzhěng	72.5	forced
尊重	zūnzhòng	72.5	forced
尝试	chángshì	72.5	forced
尾巴	wěiba	72.5	forced
怀疑	huáiyí	72.5	forced
性别	xìngbié	72.5	forced
成长	chéngzhǎng	72.5	forced
手指	shǒuzhǐ	72.5	forced
损害	sǔnhài	72.5	forced
收集	shōují	72.5	forced
教学	jiàoxué	72.5	forced
汤	tāng	72.5	forced
爬	pá	72.5	forced
瘦	shòu	72.5	forced
相反	xiāngfǎn	72.5	forced
破坏	pòhuài	72.5	forced
私人	sīrén	72.5	forced
秘密	mìmì	72.5	forced
笑话	xiàohua	72.5	forced
脖子	bózi	72.5	forced
草	cǎo	72.5	forced
袜子	wàzi	72.5	forced
记忆	jìyì	72.5	forced
距离	jùlí	72.5	forced
车辆	chēliàng	72.5	forced
顺序	shùnxù	72.5	forced
会	huì	71.3	forced
后悔	hòuhuǐ	71.3	forced
听力	tīnglì	71.3	forced
地图	dìtú	71.3	forced
塑料	sùliào	71.3	forced
大小	dàxiǎo	71.3	forced
女性	nǚxìng	71.3	forced
宽	kuān	71.3	forced
小组	xiǎozǔ	71.3	forced
常见	cháng jiàn	71.3	forced
打架	dǎjià	71.3	forced
浪费	làngfèi	71.3	forced
爆炸	bàozhà	71.3	forced
电动	diàndòng	71.3	forced
男性	nánxìng	71.3	forced
留下	liúxia	71.3	forced
疼痛	téngtòng	71.3	forced
穿过	chuānguò	71.3	forced
肌肉	jīròu	71.3	forced
胃	wèi	71.3	forced
飞行	fēixíng	71.3	forced
东	dōng	70.0	forced
亲爱	qīn’ài	70.0	forced
南	nán	70.0	forced
只	zhī	70.0	forced
听话	tīnghuà	70.0	forced
外套	wàitào	70.0	forced
幽默	yōumò	70.0	forced
弯	wān	70.0	forced
恨	hèn	70.0	forced
来源	láiyuán	70.0	forced
盖	gài	70.0	forced
种子	zhǒngzi	70.0	forced
线	xiàn	70.0	forced
葡萄酒	pútaojiǔ	70.0	forced
西	xī	70.0	forced
冰	bīng	68.8	forced
厚	hòu	68.8	forced
叉子	chāzi	68.8	forced
和平	hépíng	68.8	forced
头脑	tóunǎo	68.8	forced
安静	ānjìng	68.8	forced
尖	jiān	68.8	forced
干	gān	68.8	forced
手套	shǒutào	68.8	forced
摇	yáo	68.8	forced
摸	mō	68.8	forced
暴力	bàolì	68.8	forced
桶	tǒng	68.8	forced
沙子	shāzi	68.8	forced
的话	dehuà	68.8	forced
盘子	pánzi	68.8	forced
窄	zhǎi	68.8	forced
网	wǎng	68.8	forced
翅膀	chìbǎng	68.8	forced
苦	kǔ	68.8	forced
薄	báo	68.8	forced
蛋糕	dàngāo	68.8	forced
表演	biǎoyǎn	68.8	forced
规律	guīlǜ	68.8	forced
酸	suān	68.8	forced
闻	wén	68.8	forced
骨头	gǔtou	68.8	forced
傻	shǎ	67.5	forced
勺子	sháozi	67.5	forced
咳嗽	késou	67.5	forced
婴儿	yīng’ér	67.5	forced
权力	quánlì	67.5	forced
松	sōng	67.5	forced
滚	gǔn	67.5	forced
虫子	chóngzi	67.5	forced
转	zhuàn	67.5	forced
雷	léi	67.5	forced
战争	zhànzhēng	66.3	forced
昆虫	kūnchóng	66.3	forced
欲望	yùwàng	66.3	forced
死亡	sǐwáng	66.3	forced
毒	dú	66.3	forced
灰色	huīsè	66.3	forced
疯狂	fēngkuáng	66.3	forced
看	kān	66.3	forced
舌头	shétou	66.3	forced
轮子	lúnzi	66.3	forced
黑暗	hēi’àn	66.3	forced
液体	yètǐ	65.0	forced
清醒	qīngxǐng	65.0	forced
着	zháo	65.0	forced
透明	tòumíng	65.0	forced
铃	líng	65.0	forced
伤口	shāngkǒu	63.8	forced
信念	xìnniàn	63.8	forced
军队	jūnduì	63.8	forced
卡片	kǎpiàn	63.8	forced
命令	mìnglìng	63.8	forced
坡	pō	63.8	forced
惩罚	chéngfá	63.8	forced
扭	niǔ	63.8	forced
攻击	gōngjī	63.8	forced
枪	qiāng	63.8	forced
温柔	wēnróu	63.8	forced
灰尘	huīchén	63.8	forced
系列	xìliè	63.8	forced
结	jiē	63.8	forced
能量	néngliàng	63.8	forced
衬衫	chènshān	63.8	forced
针	zhēn	63.8	forced
固体	gùtǐ	62.5	forced
头	tou	62.5	forced
引导	yǐndǎo	62.5	forced
戒指	jièzhi	62.5	forced
棕色	zōngsè	62.5	forced
混合	hùnhé	62.5	forced
火柴	huǒchái	62.5	forced
神经	shénjīng	62.5	forced
笔记	bǐjì	62.5	forced
粘	zhān	62.5	forced
节奏	jiézòu	62.5	forced
页	yè	62.5	forced
依赖	yīlài	61.3	forced
北	běi	61.3	forced
惊讶	jīngyà	61.3	forced
相等	xiāngděng	61.3	forced
秒	miǎo	61.3	forced
和谐	héxié	60.0	forced
官方	guānfāng	60.0	forced
贸易	màoyì	60.0	forced
系列	xìliè	58.8	forced
公斤	gōngjīn	58.8	forced
角	jiǎo	58.8	forced
还	huán	58.8	forced
频繁	pínfán	58.8	forced
升	shēng	57.5	forced
旅程	lǚchéng	57.5	forced
反思	fǎnsī	56.3	forced
测量	cèliáng	56.3	forced
米	mǐ	38.8	forced